11750,3.86,0.10,0.00,,4.30,-0.10,0.00,nan,,4.22,0.90,4.00
12258,3.88,0.30,4.00,,4.30,-0.50,4.00,100.00,,4.22,0.50,4.00
12766,3.91,0.20,0.00,,4.30,-0.30,0.00,nan,,4.22,0.50,0.00
13274,3.90,0.40,4.00,,4.30,-0.50,4.00,100.00,,4.22,0.70,4.00
13782,3.92,0.20,0.00,,4.30,-0.10,0.00,nan,,4.22,0.20,0.00
14290,3.79,0.30,4.00,,4.30,-0.10,0.00,0.00,,4.22,0.60,4.00
14798,3.78,0.30,0.00,,4.30,-0.50,4.00,inf,,4.22,0.50,4.00
15306,3.80,0.40,0.00,,4.30,-0.50,0.00,nan,,4.22,0.50,4.00
15814,3.80,0.30,0.00,,4.30,0.10,0.00,nan,,4.22,0.50,4.00
16322,3.81,0.50,0.00,,4.30,-0.50,0.00,nan,,4.22,0.40,4.00
16830,3.81,0.40,0.00,,4.30,-0.50,4.00,inf,,4.22,0.50,4.00
17338,3.81,0.60,0.00,,4.30,-0.30,4.00,inf,,4.22,0.40,4.00
ets Jun  8 2016 00:22:57

rst:0x1 (POWERON_RESET),boot:0x13 (SPI_FAST_FLASH_BOOT)
configsip: 0, SPIWP:0xee
clk_drv:0x00,q_drv:0x00,d_drv:0x00,cs0_drv:0x00,hd_drv:0x00,wp_drv:0x00
mode:DIO, clock div:1
load:0x3fff0030,len:1344
load:0x40078000,len:13864
load:0x40080400,len:3608
entry 0x400805f0
Time_ms,Solar Voltage_V,Solar Current_mA,Solar Power_mW,,MPPT Voltage_V,MPPT Current_mA,MPPT Power_mW,MPPT Efficiency_%,,USB Voltage_V,USB Current_mA,USB Power_mW
66,3.72,0.10,0.00,,4.30,-0.50,4.00,inf,,4.21,0.80,0.00
574,3.74,0.30,0.00,,4.30,-0.30,0.00,nan,,4.21,0.50,4.00
1082,3.70,0.40,0.00,,4.30,-0.20,0.00,nan,,4.21,0.30,0.00
1590,3.69,0.30,0.00,,4.30,-0.50,4.00,inf,,4.22,0.40,4.00
2098,3.69,0.30,0.00,,4.30,-0.30,0.00,nan,,4.22,0.60,4.00
2606,3.68,0.30,0.00,,4.30,-0.50,4.00,inf,,4.22,0.40,4.00
3114,3.70,0.30,0.00,,4.29,-0.40,4.00,inf,,4.22,0.60,4.00
3622,3.66,0.30,0.00,,4.30,-0.50,0.00,nan,,4.21,0.80,4.00
4130,3.43,0.50,4.00,,4.30,-0.10,0.00,0.00,,4.22,0.30,4.00
4638,3.79,0.50,4.00,,4.30,-0.30,4.00,100.00,,4.22,0.50,4.00
5146,2.96,0.40,0.00,,4.30,-0.30,0.00,nan,,4.21,0.30,0.00
5654,3.25,0.40,0.00,,4.30,-0.50,4.00,inf,,4.21,0.60,4.00
6162,4.70,1.10,6.00,,4.30,-0.30,0.00,0.00,,4.22,0.90,4.00
6670,5.29,2.50,14.00,,4.30,-0.40,0.00,0.00,,4.21,0.60,4.00
7178,5.64,5.10,30.00,,4.30,0.00,0.00,0.00,,4.21,0.60,4.00
7686,11.27,38.10,426.00,,6.42,32.70,212.00,49.77,,4.94,0.30,4.00
8194,11.20,448.40,4978.00,,7.14,621.00,4410.00,88.59,,4.94,0.30,4.00
8702,11.19,867.90,9650.00,,7.30,1164.30,8568.00,88.79,,4.94,0.30,0.00
9210,11.19,931.60,10346.00,,7.31,1250.90,9106.00,88.01,,4.94,0.40,4.00
9718,11.20,937.70,10400.00,,7.30,1254.80,9218.00,88.63,,4.95,0.70,4.00
10226,11.19,948.50,10424.00,,7.30,1260.60,9152.00,87.80,,4.95,0.50,4.00
10734,11.20,936.70,10312.00,,7.29,1243.20,9106.00,88.30,,4.95,0.30,0.00
11242,11.20,937.70,10326.00,,7.28,1246.70,9028.00,87.43,,4.95,0.70,4.00
11750,11.19,940.80,10372.00,,7.27,1250.30,9140.00,88.12,,4.94,0.60,4.00
12258,11.20,948.10,10470.00,,7.27,1260.50,9126.00,87.16,,4.95,0.60,4.00
12766,11.20,942.00,10408.00,,7.26,1253.30,9146.00,87.87,,4.95,0.50,4.00
13274,11.20,939.90,10378.00,,7.26,1254.40,9048.00,87.18,,4.94,0.30,0.00
13782,11.19,937.40,10354.00,,7.25,1249.50,9050.00,87.41,,4.95,0.90,4.00
14290,11.20,933.30,10306.00,,7.25,1249.40,9014.00,87.46,,4.94,0.60,4.00
14798,11.18,927.20,10244.00,,7.24,1239.70,8972.00,87.58,,4.94,0.80,4.00
15306,11.18,934.90,10444.00,,7.25,1252.40,9070.00,86.84,,4.95,0.50,4.00
15814,11.20,945.30,10554.00,,7.24,1271.00,9202.00,87.19,,4.95,0.40,0.00
16322,11.19,938.40,10454.00,,7.25,1261.60,9166.00,87.68,,4.95,0.40,4.00
16830,11.19,929.00,10326.00,,7.24,1257.60,9070.00,87.84,,4.94,0.60,4.00
17338,11.20,930.70,10346.00,,7.25,1256.90,9168.00,88.61,,4.95,0.50,4.00
17846,11.19,928.10,10302.00,,7.24,1262.50,9100.00,88.33,,4.95,0.40,4.00
18354,11.20,925.90,10290.00,,7.24,1259.10,9194.00,89.35,,4.94,0.40,4.00
18862,11.20,928.90,10312.00,,7.24,1271.70,9176.00,88.98,,4.95,0.30,4.00
19370,11.20,929.70,10256.00,,7.24,1260.50,9122.00,88.94,,4.95,0.40,4.00
19878,11.19,920.00,10182.00,,7.24,1258.60,9074.00,89.12,,4.94,0.50,4.00
20386,11.20,923.90,10256.00,,7.24,1260.20,9120.00,88.92,,4.94,0.70,4.00
20894,11.20,926.40,10302.00,,7.25,1262.70,9228.00,89.57,,4.95,0.50,4.00
21402,11.19,923.50,10282.00,,7.25,1268.20,9152.00,89.01,,4.95,0.50,4.00
21910,11.19,911.30,10182.00,,7.25,1250.10,9148.00,89.84,,4.95,0.80,4.00
22418,11.20,907.70,10126.00,,7.25,1254.10,9060.00,89.47,,4.95,0.70,4.00
22926,11.20,912.40,10158.00,,7.25,1255.10,9176.00,90.33,,4.95,0.50,0.00
23434,11.20,911.20,10126.00,,7.25,1262.80,9116.00,90.03,,4.95,0.60,4.00
23942,11.20,908.50,10122.00,,7.25,1255.70,9090.00,89.80,,4.95,0.60,4.00
24450,11.20,913.70,10158.00,,7.26,1255.70,9186.00,90.43,,4.95,0.60,4.00
24958,11.20,907.30,10092.00,,7.26,1255.20,9058.00,89.75,,4.95,0.70,4.00
25466,11.20,904.30,10096.00,,7.26,1245.90,9110.00,90.23,,4.95,0.50,4.00
25974,11.20,902.30,10102.00,,7.26,1252.50,9064.00,89.72,,4.94,0.50,4.00
26482,11.20,908.90,10194.00,,7.27,1257.00,9126.00,89.52,,4.94,0.40,4.00
26990,11.19,909.30,10154.00,,7.27,1253.10,9168.00,90.29,,4.95,0.80,4.00
27498,11.19,902.00,10080.00,,7.28,1251.10,9064.00,89.92,,4.95,0.50,4.00
28006,11.20,898.00,10010.00,,7.28,1239.70,9068.00,90.59,,4.95,0.50,4.00
28514,11.20,892.50,9938.00,,7.28,1237.00,8956.00,90.12,,4.95,0.50,4.00
29022,11.20,892.90,9928.00,,7.28,1235.00,8986.00,90.51,,4.95,0.70,4.00
29530,11.20,902.10,10050.00,,7.29,1241.30,9104.00,90.59,,4.94,0.80,4.00
30038,11.20,903.00,10044.00,,7.29,1246.50,9044.00,90.04,,4.95,0.80,4.00
30546,11.20,893.30,9988.00,,7.30,1234.80,9034.00,90.45,,4.94,0.50,4.00
31054,11.20,884.60,9916.00,,7.30,1226.90,8926.00,90.02,,4.95,0.60,4.00
31562,11.20,885.90,9964.00,,7.31,1227.50,8942.00,89.74,,4.95,0.70,4.00
32070,11.20,890.90,10038.00,,7.31,1228.80,9012.00,89.78,,4.95,0.50,4.00
32578,11.20,888.00,10000.00,,7.32,1227.80,8952.00,89.52,,4.95,0.90,4.00
33086,11.20,886.30,9994.00,,7.32,1223.40,8940.00,89.45,,4.94,0.60,4.00
33594,11.20,883.70,9876.00,,7.33,1215.10,8916.00,90.28,,4.95,0.70,4.00
34102,11.20,878.80,9828.00,,7.33,1211.80,8858.00,90.13,,4.95,0.80,4.00
34610,11.20,877.20,9798.00,,7.34,1205.10,8824.00,90.06,,4.95,0.60,4.00
35118,11.20,883.00,9840.00,,7.34,1209.10,8848.00,89.92,,4.95,0.60,4.00
35626,11.21,888.20,9880.00,,7.36,1212.60,8896.00,90.04,,4.95,0.60,4.00
36134,11.21,878.70,9778.00,,7.36,1196.60,8766.00,89.65,,4.95,0.50,4.00
36642,11.21,879.40,9794.00,,7.36,1190.40,8714.00,88.97,,4.94,0.30,4.00
37150,11.21,884.30,9838.00,,7.37,1193.20,8782.00,89.27,,4.95,0.60,4.00
37658,11.21,881.10,9912.00,,7.38,1195.60,8750.00,88.28,,4.95,0.30,0.00
38166,11.20,878.60,9880.00,,7.39,1180.80,8670.00,87.75,,4.94,0.50,4.00
38674,11.21,879.40,9900.00,,7.41,1179.50,8634.00,87.21,,4.94,0.70,4.00
39182,11.21,879.00,9866.00,,7.42,1174.10,8598.00,87.15,,4.95,0.80,4.00
39690,11.21,868.70,9738.00,,7.43,1148.50,8494.00,87.23,,4.95,0.40,4.00
40198,11.20,872.30,9756.00,,7.44,1150.60,8458.00,86.70,,4.95,0.60,4.00
40706,11.21,881.00,9846.00,,7.47,1147.20,8504.00,86.37,,4.94,0.40,4.00
41214,11.21,878.40,9792.00,,7.48,1142.90,8516.00,86.97,,4.95,0.40,4.00
41722,11.21,865.50,9644.00,,7.50,1127.20,8382.00,86.91,,4.94,0.90,4.00
42230,11.21,864.10,9614.00,,7.52,1118.10,8370.00,87.06,,4.95,0.30,4.00
42738,11.22,859.50,9572.00,,7.54,1113.80,8386.00,87.61,,4.95,0.40,4.00
43246,11.22,860.90,9486.00,,7.57,1106.90,8362.00,88.15,,4.94,0.50,4.00
43754,11.22,856.10,9474.00,,7.59,1099.90,8324.00,87.86,,4.95,0.90,4.00
44262,11.22,841.60,9326.00,,7.61,1083.20,8232.00,88.27,,4.95,0.50,4.00
44770,11.21,838.80,9294.00,,7.65,1081.50,8314.00,89.46,,4.95,0.50,4.00
45278,11.21,842.70,9430.00,,7.68,1093.70,8360.00,88.65,,4.94,0.70,4.00
45786,11.22,837.30,9320.00,,7.71,1087.70,8452.00,90.69,,4.94,0.50,4.00
46294,11.22,823.60,9166.00,,7.74,1077.70,8294.00,90.49,,4.95,0.50,4.00
46802,11.22,819.10,9132.00,,7.76,1063.60,8232.00,90.14,,4.94,0.50,4.00
47310,11.22,822.40,9208.00,,7.80,1067.50,8392.00,91.14,,4.95,0.40,4.00
47818,11.14,819.00,9120.00,,7.82,1070.80,8336.00,91.40,,4.94,0.70,4.00
48326,11.20,818.70,9162.00,,7.85,1064.00,8408.00,91.77,,4.94,0.30,0.00
48834,11.20,813.50,9076.00,,7.88,1062.00,8336.00,91.85,,4.95,0.60,4.00
49342,11.21,806.40,9008.00,,7.91,1047.50,8264.00,91.74,,4.95,0.60,0.00
49850,11.22,807.00,9110.00,,7.94,1042.80,8304.00,91.15,,4.95,0.30,0.00
50358,11.22,811.00,9050.00,,7.97,1045.10,8290.00,91.60,,4.95,0.60,4.00
50866,11.23,809.40,9148.00,,8.00,1042.60,8330.00,91.06,,4.98,0.60,0.00
51374,11.22,802.70,8988.00,,8.03,1028.00,8202.00,91.26,,5.00,0.60,4.00
51882,11.22,798.40,8896.00,,8.05,1014.70,8160.00,91.73,,5.02,0.90,4.00
52390,11.24,799.80,9050.00,,8.09,1017.10,8188.00,90.48,,5.04,0.50,4.00
52898,11.28,806.10,9156.00,,8.12,1017.90,8228.00,89.86,,5.07,0.50,4.00
53406,11.28,800.10,9004.00,,8.14,1006.30,8140.00,90.40,,5.10,0.30,0.00
53914,11.28,797.30,8992.00,,8.17,994.00,8088.00,89.95,,5.12,0.40,4.00
54422,11.30,789.40,8890.00,,8.20,982.20,8042.00,90.46,,5.14,0.60,4.00
54930,11.30,790.60,8904.00,,8.23,980.40,7996.00,89.80,,5.14,0.50,4.00
55438,11.31,798.50,8992.00,,8.26,981.00,8062.00,89.66,,5.14,0.50,4.00
55946,11.31,797.70,8976.00,,8.28,979.70,8032.00,89.48,,5.14,0.60,4.00
56454,11.32,790.40,8894.00,,8.31,961.90,7956.00,89.45,,5.14,0.80,4.00
56962,11.32,783.20,8814.00,,8.34,952.40,7924.00,89.90,,5.14,0.50,4.00
57470,11.33,779.50,8788.00,,8.36,947.90,7828.00,89.08,,5.14,0.70,0.00
57978,11.34,782.40,8814.00,,8.39,942.70,7884.00,89.45,,5.14,0.50,4.00
58486,11.34,780.00,8798.00,,8.42,940.30,7828.00,88.97,,5.14,0.70,4.00
58994,11.34,777.60,8766.00,,8.44,928.90,7802.00,89.00,,5.14,0.40,4.00
59502,11.35,775.30,8750.00,,8.47,926.90,7756.00,88.64,,5.14,0.40,4.00
60010,11.36,763.60,8618.00,,8.50,903.60,7644.00,88.70,,5.14,0.50,4.00
60518,11.36,759.90,8614.00,,8.52,904.50,7690.00,89.27,,5.14,0.50,4.00
61026,11.36,765.10,8674.00,,8.55,910.60,7672.00,88.45,,5.14,0.60,4.00
61534,11.37,764.00,8650.00,,8.57,899.30,7680.00,88.79,,5.14,0.60,4.00
62042,11.38,752.10,8514.00,,8.60,886.20,7530.00,88.44,,5.14,0.60,4.00
62550,11.38,745.20,8428.00,,8.62,868.40,7452.00,88.42,,5.14,0.60,4.00
63058,11.40,749.40,8474.00,,8.65,874.60,7490.00,88.39,,5.14,0.60,4.00
63566,11.40,744.40,8408.00,,8.67,861.70,7436.00,88.44,,5.14,0.80,4.00
64074,11.41,743.10,8386.00,,8.69,858.60,7448.00,88.81,,5.14,0.60,4.00
64582,11.41,738.30,8330.00,,8.72,854.20,7382.00,88.62,,5.14,0.60,6.00
65090,11.42,732.30,8264.00,,8.74,843.80,7346.00,88.89,,5.14,0.90,4.00
65598,11.42,720.20,8106.00,,8.76,829.10,7262.00,89.59,,5.14,0.50,4.00
66106,11.44,720.00,8106.00,,8.79,830.80,7262.00,89.59,,5.14,0.40,4.00
66614,11.44,720.10,8114.00,,8.81,830.40,7354.00,90.63,,5.14,0.40,4.00
67122,11.45,711.40,8018.00,,8.83,823.10,7236.00,90.25,,5.14,0.60,4.00
67630,11.46,703.60,7952.00,,8.85,814.90,7202.00,90.57,,5.13,0.70,4.00
68138,11.48,695.80,7874.00,,8.88,814.50,7202.00,91.47,,5.14,0.50,4.00
68646,11.49,690.80,7834.00,,8.90,808.30,7180.00,91.65,,5.14,0.60,4.00
69154,11.50,684.40,7790.00,,8.92,800.50,7200.00,92.43,,5.14,0.30,0.00
69662,11.51,677.20,7724.00,,8.94,799.50,7130.00,92.31,,5.14,0.60,4.00
70170,11.52,663.40,7608.00,,8.96,782.10,7056.00,92.74,,5.14,0.40,4.00
70678,11.54,657.60,7546.00,,8.98,780.90,6982.00,92.53,,5.13,0.50,4.00
71186,11.57,656.10,7546.00,,9.00,776.70,7020.00,93.03,,5.13,0.60,4.00
71694,11.63,647.50,7494.00,,9.02,768.10,6898.00,92.05,,5.13,0.20,4.00
72202,11.88,581.10,6874.00,,9.04,699.30,6312.00,91.82,,5.14,0.80,4.00
72710,12.14,511.50,6190.00,,9.05,624.90,5626.00,90.89,,5.14,0.50,4.00
73218,12.38,455.10,5610.00,,9.05,562.00,5080.00,90.55,,5.13,0.50,4.00
73726,12.55,406.70,5086.00,,9.06,503.70,4548.00,89.42,,5.13,0.80,4.00
74234,12.89,309.00,3962.00,,9.06,399.80,3618.00,91.32,,5.13,0.90,4.00
74742,13.00,280.60,3634.00,,9.07,363.30,3254.00,89.54,,5.13,0.60,4.00
75250,13.07,254.20,3310.00,,9.07,326.50,2956.00,89.31,,5.13,0.70,4.00
75758,13.13,233.50,3054.00,,9.08,299.80,2680.00,87.75,,5.12,0.80,4.00
76266,13.21,212.60,2796.00,,9.08,271.10,2454.00,87.77,,5.13,0.60,0.00
76774,13.26,195.20,2576.00,,9.08,248.70,2218.00,86.10,,5.13,0.50,4.00
77282,13.05,252.20,3276.00,,9.07,318.60,2880.00,87.91,,4.95,423.80,2094.00
77790,12.72,343.00,4342.00,,9.06,428.90,3838.00,88.39,,4.92,919.00,4526.00
78298,12.63,363.20,4562.00,,9.05,451.50,4080.00,89.43,,4.92,919.60,4526.00
78806,12.57,381.40,4772.00,,9.05,471.60,4250.00,89.06,,4.92,921.10,4532.00
79314,12.65,350.90,4428.00,,9.06,432.30,3870.00,87.40,,4.95,478.20,2366.00
79822,12.78,313.50,3992.00,,9.06,391.60,3542.00,88.73,,4.95,478.70,2366.00
80330,12.78,306.70,3902.00,,9.06,384.60,3470.00,88.93,,4.95,478.90,2370.00
80838,12.04,506.30,6076.00,,9.03,608.90,5524.00,90.92,,4.89,1473.80,7200.00
81346,11.88,547.70,6502.00,,9.02,654.40,5902.00,90.77,,4.89,1478.00,7226.00
81854,11.70,584.50,6770.00,,9.02,691.60,6210.00,91.73,,4.89,1479.40,7226.00
82362,12.36,415.20,5080.00,,9.05,513.90,4670.00,91.93,,4.91,480.50,2356.00
82870,11.67,585.30,6770.00,,9.02,691.80,6292.00,92.94,,4.79,1476.90,7074.00
83378,11.62,594.20,6820.00,,9.01,702.50,6322.00,92.70,,4.79,1479.90,7092.00
83886,11.60,593.50,6858.00,,9.01,709.30,6364.00,92.80,,4.79,1480.50,7088.00
84394,11.58,595.80,6866.00,,9.00,708.40,6430.00,93.65,,4.99,1484.50,7402.00
84902,11.57,596.00,6884.00,,8.99,712.80,6452.00,93.72,,4.99,1484.70,7406.00
85410,11.56,590.10,6848.00,,8.98,711.10,6374.00,93.08,,5.00,1485.20,7406.00
85918,11.55,592.70,6874.00,,8.97,717.30,6402.00,93.13,,4.99,1487.00,7412.00
86426,11.54,600.80,6946.00,,8.97,723.80,6494.00,93.49,,5.19,1488.00,7726.00
86934,11.54,600.70,6908.00,,8.95,720.70,6456.00,93.46,,5.19,1489.20,7724.00
87442,11.53,593.70,6820.00,,8.94,715.30,6394.00,93.75,,5.19,1489.00,7720.00
87950,11.51,597.30,6872.00,,8.94,717.60,6376.00,92.78,,5.19,1489.50,7726.00
88458,11.52,599.90,6960.00,,8.93,722.70,6416.00,92.18,,5.39,1490.40,8026.00
88966,11.52,600.30,6960.00,,8.92,720.60,6386.00,91.75,,5.39,1490.80,8026.00
89474,11.50,600.60,6882.00,,8.90,713.80,6348.00,92.24,,5.39,1491.50,8042.00
89982,11.50,600.00,6874.00,,8.89,710.90,6298.00,91.62,,5.39,1490.70,8034.00
90490,11.49,598.80,6868.00,,8.88,710.50,6230.00,90.71,,5.56,1490.80,8270.00
90998,11.48,603.10,6960.00,,8.87,715.70,6286.00,90.32,,5.55,1490.40,8280.00
91506,11.48,605.40,6956.00,,8.86,713.80,6314.00,90.77,,5.55,1492.00,8280.00
92014,11.48,601.80,6868.00,,8.85,703.40,6200.00,90.27,,5.56,1490.90,8270.00
92522,11.47,601.10,6878.00,,8.84,705.90,6154.00,89.47,,5.56,1490.70,8278.00
93030,11.47,597.90,6822.00,,8.83,700.10,6102.00,89.45,,5.76,1489.50,8566.00
93538,11.46,595.00,6792.00,,8.81,693.80,6102.00,89.84,,5.75,1489.60,8568.00
94046,11.46,597.30,6816.00,,8.80,695.70,6102.00,89.52,,5.76,1489.60,8568.00
94554,11.46,597.50,6820.00,,8.79,694.00,6076.00,89.09,,5.76,1490.10,8576.00
95062,11.44,593.70,6786.00,,8.77,693.50,6050.00,89.15,,5.96,1489.30,8868.00
95570,11.44,588.20,6656.00,,8.76,685.10,5990.00,89.99,,5.96,1490.10,8874.00
96078,11.44,587.50,6632.00,,8.75,683.30,5958.00,89.84,,5.96,1489.00,8864.00
96586,11.44,588.10,6698.00,,8.73,690.60,6010.00,89.73,,5.96,1488.50,8858.00
97094,11.44,586.10,6684.00,,8.72,689.60,6000.00,89.77,,6.16,1488.80,9158.00
97602,11.43,583.10,6576.00,,8.70,686.20,5974.00,90.85,,6.16,1488.00,9156.00
98110,11.43,578.50,6514.00,,8.68,680.10,5896.00,90.51,,6.16,1489.40,9162.00
98618,11.42,574.80,6538.00,,8.68,685.40,5918.00,90.52,,6.16,1489.10,9166.00
99126,11.42,574.80,6548.00,,8.65,684.10,5918.00,90.38,,6.36,1488.90,9460.00
99634,11.42,578.20,6524.00,,8.64,688.70,5980.00,91.66,,6.36,1487.70,9450.00
100142,11.41,577.00,6492.00,,8.62,686.60,5912.00,91.07,,6.36,1487.70,9458.00
100650,11.41,569.00,6466.00,,8.60,685.30,5872.00,90.81,,6.36,1488.80,9466.00
101158,11.41,563.10,6410.00,,8.58,681.10,5826.00,90.89,,6.56,1489.40,9768.00
101666,11.40,570.50,6436.00,,8.57,684.90,5902.00,91.70,,6.56,1489.30,9758.00
102174,11.40,573.90,6448.00,,8.55,690.40,5958.00,92.40,,6.56,1489.60,9758.00
102682,11.40,561.50,6374.00,,8.53,683.80,5816.00,91.25,,6.56,1490.10,9768.00
103190,11.38,560.60,6376.00,,8.51,683.50,5794.00,90.87,,6.76,1491.10,10080.00
103698,11.39,560.20,6322.00,,8.49,679.70,5794.00,91.65,,6.76,1491.20,10074.00
104206,11.38,555.50,6298.00,,8.47,680.80,5822.00,92.44,,6.76,1490.50,10064.00
104714,11.38,559.20,6340.00,,8.45,687.20,5800.00,91.48,,6.76,1490.50,10070.00
105222,11.37,557.90,6308.00,,8.44,688.80,5786.00,91.72,,6.96,1491.20,10378.00
105730,11.38,558.20,6288.00,,8.41,689.90,5780.00,91.92,,6.96,1491.60,10368.00
106238,11.37,547.70,6200.00,,8.39,677.00,5732.00,92.45,,6.96,1491.60,10378.00
106746,11.37,546.10,6190.00,,8.37,676.40,5718.00,92.37,,6.96,1491.70,10378.00
107254,11.36,553.60,6240.00,,8.34,686.60,5722.00,91.70,,7.16,1492.60,10676.00
107762,11.36,557.00,6246.00,,8.32,693.30,5742.00,91.93,,7.16,1493.40,10686.00
108270,11.36,545.30,6164.00,,8.30,686.10,5672.00,92.02,,7.16,1492.90,10676.00
108778,11.35,545.90,6190.00,,8.28,680.10,5676.00,91.70,,7.16,1493.10,10686.00
109286,11.35,544.70,6138.00,,8.25,680.90,5672.00,92.41,,7.36,1494.30,10994.00
109794,11.34,540.50,6104.00,,8.23,682.20,5596.00,91.68,,7.36,1494.20,10990.00
110302,11.34,537.30,6072.00,,8.20,681.90,5568.00,91.70,,7.36,1493.90,10990.00
110810,11.34,539.50,6076.00,,8.18,679.40,5594.00,92.07,,7.36,1493.60,10988.00
111318,11.34,546.40,6138.00,,8.15,690.30,5676.00,92.47,,7.56,1495.30,11298.00
111826,11.33,535.70,6046.00,,8.12,683.70,5610.00,92.79,,7.56,1494.50,11292.00
112334,11.32,530.70,6006.00,,8.10,681.20,5498.00,91.54,,7.54,1495.70,11286.00
112842,11.33,533.80,6016.00,,8.07,686.80,5514.00,91.66,,7.52,1494.70,11236.00
113350,11.32,529.90,5970.00,,8.05,688.50,5514.00,92.36,,7.50,1495.10,11198.00
113858,11.32,528.60,5958.00,,8.02,684.10,5534.00,92.88,,7.47,1494.60,11160.00
114366,11.32,532.30,6036.00,,8.00,692.80,5584.00,92.51,,7.45,1495.70,11128.00
114874,11.32,527.10,5954.00,,7.97,690.00,5488.00,92.17,,7.42,1495.50,11096.00
115382,11.32,522.50,5882.00,,7.94,687.20,5434.00,92.38,,7.40,1495.50,11050.00
115890,11.30,524.00,5918.00,,7.92,692.80,5456.00,92.19,,7.37,1494.20,11016.00
116398,11.30,528.00,6000.00,,7.89,696.50,5524.00,92.07,,7.35,1495.00,10970.00
116906,11.30,524.70,5908.00,,7.87,692.60,5472.00,92.62,,7.32,1494.80,10934.00
117414,11.30,519.10,5836.00,,7.84,690.00,5400.00,92.53,,7.29,1494.80,10896.00
117922,11.30,517.90,5904.00,,7.82,693.50,5396.00,91.40,,7.26,1494.10,10852.00
118430,11.30,517.30,5882.00,,7.79,694.70,5388.00,91.60,,7.24,1493.60,10814.00
118938,11.30,520.20,5846.00,,7.76,692.80,5368.00,91.82,,7.22,1493.80,10780.00
119446,11.29,516.60,5822.00,,7.74,693.20,5360.00,92.06,,7.20,1495.30,10748.00
119954,11.29,520.60,5932.00,,7.71,701.80,5404.00,91.10,,7.17,1495.00,10708.00
120462,11.29,521.20,5856.00,,7.69,698.20,5352.00,91.39,,7.14,1494.60,10670.00
120970,11.29,511.40,5750.00,,7.66,689.00,5252.00,91.34,,7.12,1494.20,10630.00
121478,11.28,508.90,5800.00,,7.63,687.60,5224.00,90.07,,7.09,1494.80,10588.00
121986,11.28,512.00,5816.00,,7.61,696.70,5270.00,90.61,,7.06,1496.10,10562.00
122494,11.28,512.30,5744.00,,7.58,692.40,5210.00,90.70,,7.04,1496.90,10532.00
123002,11.28,509.30,5734.00,,7.55,691.00,5210.00,90.86,,7.02,1497.20,10492.00
123510,11.28,507.00,5778.00,,7.53,690.60,5178.00,89.62,,6.99,1495.50,10440.00
124018,11.28,510.40,5728.00,,7.50,689.20,5144.00,89.80,,6.96,1493.90,10390.00
124526,11.27,507.80,5708.00,,7.48,687.50,5116.00,89.63,,6.94,1492.60,10348.00
125034,11.27,502.70,5708.00,,7.45,688.60,5072.00,88.86,,6.91,1493.00,10308.00
125542,11.27,506.00,5672.00,,7.42,689.20,5060.00,89.21,,6.88,1493.80,10272.00
126050,11.27,501.20,5626.00,,7.39,683.40,5040.00,89.58,,6.86,1494.60,10244.00
126558,11.26,497.50,5632.00,,7.36,681.80,5004.00,88.85,,6.83,1493.60,10198.00
127066,11.26,498.70,5642.00,,7.34,685.70,5004.00,88.69,,6.80,1493.70,10154.00
127574,11.26,499.70,5600.00,,7.32,682.20,4958.00,88.54,,6.78,1492.40,10106.00
128082,11.26,495.80,5606.00,,7.28,686.30,4932.00,87.98,,6.75,1493.20,10070.00
128590,11.26,494.50,5590.00,,7.26,687.80,4932.00,88.23,,6.72,1493.40,10038.00
129098,11.26,492.90,5518.00,,7.23,682.60,4866.00,88.18,,6.70,1492.80,9992.00
129606,11.25,487.50,5478.00,,7.20,677.70,4872.00,88.94,,6.67,1493.80,9956.00
130114,11.26,486.30,5508.00,,7.17,680.10,4856.00,88.16,,6.64,1493.50,9916.00
130622,11.26,490.70,5498.00,,7.15,684.10,4862.00,88.43,,6.62,1492.60,9876.00
131130,11.24,489.40,5498.00,,7.12,687.90,4876.00,88.69,,6.59,1493.70,9840.00
131638,11.25,479.60,5436.00,,7.09,684.20,4800.00,88.30,,6.56,1493.20,9794.00
132146,11.25,475.10,5318.00,,7.06,675.60,4722.00,88.79,,6.53,1492.10,9742.00
132654,11.25,473.20,5306.00,,7.03,678.30,4758.00,89.67,,6.50,1492.30,9706.00
133162,11.25,471.70,5354.00,,7.00,682.10,4762.00,88.94,,6.48,1491.90,9660.00
133670,11.25,473.80,5296.00,,6.98,682.80,4738.00,89.46,,6.45,1492.50,9618.00
134178,11.25,468.60,5250.00,,6.94,682.20,4716.00,89.83,,6.42,1493.00,9578.00
134686,11.25,466.30,5286.00,,6.92,684.90,4708.00,89.07,,6.39,1492.90,9536.00
135194,11.24,462.60,5226.00,,6.89,685.80,4708.00,90.09,,6.37,1491.70,9494.00
135702,11.24,456.00,5098.00,,6.86,676.30,4624.00,90.70,,6.34,1493.30,9460.00
136210,11.24,451.40,5122.00,,6.83,673.90,4594.00,89.69,,6.31,1492.60,9414.00
136718,11.25,447.80,5072.00,,6.80,674.10,4568.00,90.06,,6.28,1491.80,9362.00
137226,11.24,454.10,5082.00,,6.78,682.30,4598.00,90.48,,6.26,1491.50,9320.00
137734,11.24,446.70,5014.00,,6.74,676.60,4544.00,90.63,,6.23,1492.30,9286.00
138242,11.24,446.00,5036.00,,6.72,674.30,4544.00,90.23,,6.20,1492.20,9240.00
138750,11.24,447.80,5010.00,,6.69,678.40,4564.00,91.10,,6.17,1491.90,9202.00
139258,11.24,441.60,4954.00,,6.66,673.20,4506.00,90.96,,6.15,1492.60,9166.00
139766,11.24,438.00,4922.00,,6.63,670.30,4436.00,90.13,,6.12,1492.30,9116.00
140274,11.24,434.00,4854.00,,6.60,666.80,4374.00,90.11,,6.09,1492.10,9074.00
140782,11.23,435.60,4890.00,,6.57,670.50,4382.00,89.61,,6.06,1492.80,9040.00
141290,11.24,438.40,4908.00,,6.54,667.90,4398.00,89.61,,6.03,1492.60,8998.00
141798,11.24,434.80,4862.00,,6.51,667.60,4388.00,90.25,,6.00,1492.60,8950.00
142306,11.24,428.70,4804.00,,6.48,658.60,4310.00,89.72,,5.97,1493.20,8914.00
142814,11.24,427.70,4772.00,,6.44,658.10,4236.00,88.77,,5.94,1494.40,8878.00
143322,11.24,426.20,4764.00,,6.43,660.70,4228.00,88.75,,5.91,1493.60,8832.00
143830,11.24,426.60,4774.00,,6.40,661.30,4208.00,88.14,,5.88,1494.50,8796.00
144338,11.24,427.30,4754.00,,6.37,663.30,4200.00,88.35,,5.86,1494.20,8750.00
144846,11.24,424.90,4744.00,,6.34,659.70,4208.00,88.70,,5.83,1494.40,8710.00
145354,11.24,423.10,4732.00,,6.31,657.60,4182.00,88.38,,5.80,1494.00,8664.00
145862,11.24,418.70,4656.00,,6.28,652.10,4132.00,88.75,,5.77,1493.20,8612.00
146370,11.24,419.50,4630.00,,6.24,651.90,4066.00,87.82,,5.74,1494.70,8578.00
146878,11.24,415.30,4644.00,,6.22,654.60,4046.00,87.12,,5.71,1493.60,8532.00
147386,11.23,421.50,4680.00,,6.19,665.50,4106.00,87.74,,5.69,1494.90,8496.00
147894,11.24,422.30,4672.00,,6.16,661.50,4086.00,87.46,,5.66,1494.60,8454.00
148402,11.23,417.80,4666.00,,6.13,662.70,4092.00,87.70,,5.63,1494.90,8414.00
148910,11.23,412.50,4582.00,,6.10,655.50,4034.00,88.04,,5.60,1494.80,8372.00
149418,11.24,412.10,4558.00,,6.07,654.30,3962.00,86.92,,5.57,1494.90,8330.00
149926,11.24,401.90,4502.00,,6.79,586.40,3964.00,88.05,,6.55,486.00,3188.00
150434,11.24,404.60,4496.00,,6.79,588.50,3982.00,88.57,,6.56,484.60,3182.00
150942,11.26,403.30,4476.00,,7.16,559.10,3992.00,89.19,,7.07,2.60,20.00
151450,11.26,396.70,4454.00,,7.16,552.20,3972.00,89.18,,7.06,3.00,20.00
151958,11.26,390.90,4352.00,,7.15,542.60,3910.00,89.84,,7.06,3.20,22.00
152466,11.26,393.30,4364.00,,7.15,543.30,3920.00,89.83,,7.06,2.90,20.00
152974,11.26,390.40,4372.00,,7.15,544.80,3892.00,89.02,,7.06,3.00,20.00
153482,11.26,391.00,4346.00,,7.16,542.80,3866.00,88.96,,7.06,2.90,20.00
153990,11.26,390.70,4338.00,,7.15,541.80,3854.00,88.84,,7.06,3.00,20.00
154498,11.26,384.90,4312.00,,7.16,538.40,3824.00,88.68,,7.06,2.90,20.00
155006,11.26,384.40,4322.00,,7.15,532.10,3828.00,88.57,,7.06,2.70,20.00
155514,11.27,381.40,4240.00,,7.15,527.00,3798.00,89.58,,7.06,2.60,20.00
156022,11.27,373.60,4184.00,,7.15,520.00,3746.00,89.53,,7.06,2.70,20.00
156530,11.26,378.50,4208.00,,7.14,523.30,3736.00,88.78,,7.06,3.00,20.00
157038,11.26,379.90,4214.00,,7.15,523.60,3730.00,88.51,,7.06,7.20,52.00
157546,11.26,371.90,4168.00,,7.15,516.60,3674.00,88.15,,7.06,6.10,40.00
158054,11.26,373.20,4148.00,,7.15,516.50,3674.00,88.57,,7.06,6.00,42.00
158562,11.27,373.80,4148.00,,7.15,512.10,3664.00,88.33,,7.06,5.80,42.00
159070,11.26,366.90,4112.00,,7.15,506.00,3630.00,88.28,,7.06,6.10,40.00
159578,11.26,367.20,4080.00,,7.15,503.60,3608.00,88.43,,7.06,5.90,42.00
160086,11.27,370.30,4112.00,,7.15,505.20,3608.00,87.74,,7.06,6.10,42.00
160594,11.26,368.40,4128.00,,7.16,504.80,3594.00,87.06,,7.06,5.90,42.00
161102,11.26,367.20,4076.00,,7.16,499.90,3556.00,87.24,,7.06,6.20,46.00
161610,11.26,361.10,4018.00,,7.16,490.90,3496.00,87.01,,4.96,2.70,14.00
162118,11.26,356.90,4004.00,,7.16,489.70,3466.00,86.56,,4.95,2.70,14.00
162626,11.26,359.10,4008.00,,7.16,491.60,3486.00,86.98,,4.96,2.70,14.00
163134,11.27,363.50,4054.00,,7.09,500.30,3522.00,86.88,,4.99,205.30,1026.00
163642,11.25,364.80,4076.00,,6.54,537.50,3506.00,86.02,,4.85,1978.30,9592.00
164150,11.24,362.00,4030.00,,6.49,536.20,3460.00,85.86,,4.85,1988.30,9630.00
164658,11.24,361.20,4038.00,,6.44,537.40,3448.00,85.39,,4.85,1992.80,9660.00
165166,11.26,359.10,4020.00,,6.90,506.20,3460.00,86.07,,4.94,487.10,2406.00
165674,11.25,354.50,3978.00,,6.88,507.30,3428.00,86.17,,4.94,485.80,2396.00
166182,11.26,349.90,3936.00,,6.88,502.40,3394.00,86.23,,4.94,485.20,2392.00
166690,11.25,358.60,4008.00,,6.46,540.80,3434.00,85.68,,4.88,1489.70,7272.00
167198,11.24,354.00,3992.00,,6.44,538.80,3414.00,85.52,,4.88,1491.60,7274.00
167706,11.24,348.70,3936.00,,6.40,534.10,3414.00,86.74,,4.88,1491.90,7274.00
168214,11.26,345.20,3870.00,,6.86,496.70,3392.00,87.65,,4.91,485.30,2378.00
168722,11.24,349.10,3946.00,,6.38,537.20,3412.00,86.47,,4.79,1488.50,7120.00
169230,11.24,341.40,3860.00,,6.36,530.00,3346.00,86.68,,4.78,1489.60,7120.00
169738,11.25,338.90,3794.00,,6.33,525.60,3300.00,86.98,,4.79,1491.50,7136.00
170246,11.24,338.00,3828.00,,6.29,534.20,3320.00,86.73,,4.98,1494.70,7446.00
170754,11.24,339.80,3854.00,,6.26,542.60,3352.00,86.97,,4.98,1495.20,7452.00
171262,11.24,341.30,3818.00,,6.23,543.40,3352.00,87.79,,4.98,1496.30,7458.00
171770,11.24,331.90,3778.00,,6.20,534.60,3276.00,86.71,,4.98,1495.40,7452.00
172278,11.24,326.10,3706.00,,6.16,531.10,3268.00,88.18,,5.18,1497.80,7760.00
172786,11.24,330.10,3694.00,,6.13,537.90,3286.00,88.96,,5.19,1497.70,7762.00
173294,11.24,328.90,3746.00,,6.10,542.00,3286.00,87.72,,5.18,1498.90,7770.00
173802,11.24,323.90,3674.00,,6.06,538.50,3240.00,88.19,,5.18,1498.50,7762.00
174310,11.24,324.20,3628.00,,6.03,539.30,3224.00,88.86,,5.38,1498.10,8058.00
174818,11.24,320.10,3638.00,,5.99,535.60,3202.00,88.02,,5.38,1499.00,8070.00
175326,11.24,317.70,3588.00,,5.95,535.90,3198.00,89.13,,5.38,1498.90,8068.00
175834,11.24,310.30,3470.00,,5.91,525.20,3120.00,89.91,,5.38,1499.30,8070.00
176342,11.24,310.60,3520.00,,5.88,529.70,3120.00,88.64,,5.38,1499.30,8062.00
176850,11.24,314.20,3536.00,,5.84,539.10,3140.00,88.80,,5.35,1499.30,8006.00
177358,11.24,310.90,3480.00,,5.80,536.20,3104.00,89.20,,5.31,1499.30,7960.00
177866,11.24,307.00,3470.00,,5.77,532.20,3054.00,88.01,,5.27,1499.20,7904.00
178374,11.24,308.40,3444.00,,5.74,535.90,3058.00,88.79,,5.24,1499.30,7852.00
178882,11.24,305.40,3418.00,,5.70,536.00,3034.00,88.77,,5.21,1499.70,7798.00
179390,11.24,296.10,3332.00,,5.66,521.80,2932.00,88.00,,5.17,1499.10,7746.00
179898,11.25,193.60,2166.00,,5.60,336.80,1900.00,87.72,,5.10,1499.00,7648.00
180406,10.65,1.50,16.00,,5.50,-0.10,4.00,25.00,,5.01,1497.80,7498.00
180914,8.49,1.30,14.00,,5.44,-0.40,0.00,0.00,,4.95,1497.40,7418.00
181422,8.10,1.40,10.00,,5.38,-0.30,0.00,0.00,,4.90,1496.80,7320.00
181930,8.09,1.70,14.00,,5.32,-0.40,4.00,28.57,,4.83,1495.90,7226.00
182438,8.09,1.30,10.00,,5.26,-0.20,0.00,0.00,,4.76,1495.50,7100.00
182946,8.18,1.60,14.00,,5.22,0.00,0.00,0.00,,4.70,1495.50,7006.00
183454,8.16,1.40,10.00,,5.16,-0.10,0.00,0.00,,4.65,1493.90,6928.00
183962,8.12,1.50,14.00,,5.10,-0.30,0.00,0.00,,4.60,1493.70,6852.00
184470,8.19,1.40,10.00,,5.05,-0.60,4.00,40.00,,4.54,1492.30,6760.00
184978,8.14,1.30,14.00,,4.99,-0.50,4.00,28.57,,4.49,1487.50,6662.00
185486,8.14,1.40,10.00,,4.94,-0.20,0.00,0.00,,4.43,1486.60,6576.00
185994,8.14,1.50,14.00,,4.90,-0.30,0.00,0.00,,4.44,1335.90,5904.00
186502,8.21,1.60,14.00,,4.86,-0.30,0.00,0.00,,4.38,1334.90,5836.00
